"","x"
"1","radogost"
"2","golosboard"
"3","butterfree"
"4","dr2073"
"5","med"
"6","park.bom"
"7","arcange"
"8","sxiii"
"9","ontofractal"
"10","v0id"
"11","vik"
"12","robot"
"13","jerlis"
"14","uralresp"
"15","villainblack"
"16","dimarss"
"17","redhat"
"18","elgeko"
"19","kotturinn"
"20","seablue"
"21","created"
"22","fyrstikken"
"23","misiano"
"24","lil4a"
"25","vladya"
"26","slamm"
"27","stranger27"
"28","fiona777"
"29","zambez"
"30","capper"
"31","sebastianjago"
"32","elviento"
"33","analise"
"34","aim"
"35","mgaft1"
"36","allgonecold"
"37","kudesnikaltay"
"38","shkiper"
"39","maksina"
"40","pmartynov"
"41","dinamo"
"42","bigler"
"43","big.brother"
"44","bfg9000"
"45","beep"
"46","alien"
"47","bitcoinfo"
"48","myrussia"
"49","ullikume"
"50","inertia"
"51","evgenij-byvshev"
"52","jacobtothe"
"53","konstantin"
"54","huso"
"55","gek70rus"
"56","frocush"
"57","altcoin"
"58","joseluis"
"59","sunshine"
"60","lira"
"61","gildar"
"62","dr-boo"
"63","spinner"
"64","cergey-p"
"65","tankionline"
"66","olegst"
"67","alex.katz"
"68","oxygendependant"
"69","tusechka"
"70","vasa"
"71","dexterous"
"72","scuba"
"73","maksim1245"
"74","zaguzin"
"75","adelja"
"76","hrumhrum"
"77","botovich"
"78","liveone"
"79","karton"
"80","balidai"
"81","vadbars"
"82","boddhisattva"
"83","konti"
"84","tinochka"
"85","pinkcoinfaucet"
"86","aksial"
"87","toplight"
"88","besuchers"
"89","gromozeka"
"90","veritas"
"91","igor1966"
"92","niiu"
"93","olga-olga"
"94","pioner777888"
"95","investigator"
"96","strecoza"
"97","narin"
"98","zaxar"
"99","camelos"
"100","kulik"
"101","kamila"
"102","naminutku"
"103","lev.nikolaevich"
"104","loaf"
"105","mig641"
"106","yetaras"
"107","singa"
"108","ogneva-nastasia"
"109","datarestore"
"110","anela"
"111","primus"
"112","alcotester"
"113","erikkartmen"
"114","berkah"
"115","eee"
"116","abcd"
"117","penambang"
"118","steem-id"
"119","elenakorotkova"
"120","sept"
"121","mieppe"
"122","econmag"
"123","yanboretskyi"
"124","drim"
"125","dreamer"
"126","tarimta"
"127","sharps"
"128","popkop"
"129","sergiy"
"130","tarasc"
"131","anri"
"132","tymba"
"133","marfa"
"134","vladimir.antonov"
"135","damm"
"136","volv"
"137","yellowsubmarine"
"138","vas"
"139","yefet"
"140","litrbooh"
"141","assasin"
"142","kostikus"
"143","ac1d"
"144","andrvik"
"145","innainna"
"146","ohlamoon"
"147","antonkostroma"
"148","ondulyansion"
"149","antino"
"150","pavelval"
"151","la-bella-vita"
"152","joyko"
"153","guruma"
"154","efim-off"
"155","olviya"
"156","mikl"
"157","top-flag"
"158","evildeathcore"
"159","zaria"
"160","anonymous.author"
"161","sancho.malyutin"
"162","vasyl73"
"163","italia-elena"
"164","ropox"
"165","marina"
"166","bender"
"167","alesja"
"168","uanix"
"169","bovary"
"170","zooly"
"171","pirial"
"172","dmilash"
"173","hramstroim"
"174","art-auction"
"175","asdes"
"176","zahar"
"177","denn"
"178","mishka"
"179","urii"
"180","void0"
"181","zoss"
"182","rbrown"
"183","borishaifa"
"184","aleco"
"185","nekromarinist"
"186","dhrms"
"187","lenarius"
"188","akcent"
"189","solomon"
"190","wladimirpilinoga"
"191","stonepickle"
"192","xroni"
"193","t3ran13"
"194","vict0r"
"195","leylar"
"196","testz"
"197","alexux"
"198","dajana"
"199","lady-in-red"
"200","chiliec"
"201","polyideic"
"202","domino"
"203","sheo"
"204","rubin"
"205","whiskardi"
"206","dlina-v-metrah"
"207","feevatali"
"208","svistunov"
"209","oleg257"
"210","gidlark"
"211","awispa"
"212","olezoom"
"213","genyakuc"
"214","vasilij"
"215","neko371"
"216","cyros"
"217","brovaryleaks"
"218","nikitinskii"
"219","dollar"
"220","oneplace"
"221","oneplace.media"
"222","archibald116"
"223","gammy"
"224","winwin"
"225","ladynazgool"
"226","gogo.tattoo"
"227","roelandp"
"228","nefer"
"229","deliria"
"230","loofers"
"231","molarity"
"232","nitrogen"
"233","unlonely-soul"
"234","lumia"
"235","yurgent71"
"236","macneo"
"237","lex"
"238","mintaka"
"239","olivera-despina"
"240","bmel"
"241","uholot"
"242","romanskv"
"243","phoenix"
"244","sharker"
"245","elenas"
"246","kos"
"247","andreyprosto"
"248","share123"
"249","sonyanka"
"250","winds60"
"251","serejandmyself"
"252","kulturagolosa"
"253","anyx"
"254","lena89"
"255","smolalit"
"256","renat242"
"257","svetlanaaa"
"258","elenaselina"
"259","anyone"
"260","shuler"
"261","graffiti"
"262","siberianshamen"
"263","onixred"
"264","fridakallo"
"265","golos.loto"
"266","piranya"
"267","allforyou"
"268","lotobot"
"269","sve"
"270","tom123"
"271","ili0braz"
"272","foster"
"273","bopox"
"274","t800"
"275","znation"
"276","ropoxbot"
"277","lotterybot"
"278","romapush"
"279","fomichenko"
"280","magum"
"281","anech512"
"282","varwar"
"283","mike2mike"
"284","ivantea"
"285","forvard80"
"286","golos-zoo-fund"
"287","cryptoknight"
"288","bm-arjmezent"
"289","ub8adu"
"290","upvote"
"291","mrgreen"
"292","natasmr"
"293","dicov"
"294","tummy"
"295","sonic1991"
"296","hultqvist"
"297","snackmd"
"298","ocrdu"
"299","vladnemo"
"300","everythink"
"301","tumma"
"302","vood.one"
"303","temkuz"
"304","ralenka"
"305","nikalaich"
"306","blackmoon"
"307","lehard"
"308","defdef"
"309","jurgan"
"310","smailer"
"311","drac59"
"312","dikanevroman"
"313","vitarecord"
"314","rizhaya.vorona"
"315","manandezo"
"316","dimon14"
"317","singularity"
"318","natalyt"
"319","creatorgalaxy"
"320","bm-krusty36"
"321","igrek"
"322","morfianes"
"323","nikol"
"324","shcherbakov"
"325","ratel"
"326","ukrainian"
"327","politicua"
"328","zlobrynya"
"329","kukuy"
"330","anton2ov"
"331","losos"
"332","good-karma"
"333","golosovanie"
"334","esteemapp"
"335","golosuy"
"336","elias"
"337","barbro"
"338","ramta"
"339","infa"
"340","yuran"
"341","rusalka"
"342","akela"
"343","zapominai"
"344","creat0r"
"345","grisha-danunaher"
"346","geng"
"347","smotritelmayaka"
"348","golosroom"
"349","skyvirus"
"350","motokniga"
"351","svamiva"
"352","twinner"
"353","burke"
"354","dusikasss"
"355","jiks"
"356","newico"
"357","vlad"
"358","vl248"
"359","brazilio"
"360","japanesemiracle"
"361","bebrave"
"362","oldenm"
"363","nadin3"
"364","superrat"
"365","gloriya"
"366","alexeybokov"
"367","anastasia.d93"
"368","piu-apple"
"369","desraben"
"370","marinabogumil"
"371","kazakisp"
"372","lgcct"
"373","ochobastudio"
"374","parazit86"
"375","journalist"
"376","joseph.kalu"
"377","bambr"
"378","blockchained"
"379","rusteemitblog"
"380","mayamarinero"
"381","veteran"
"382","yuri"
"383","oldhuntsman"
"384","willpekus"
"385","sairji"
"386","aleksandraz"
"387","vasiliusblack"
"388","gans91"
"389","vetervgolove"
"390","koscheyka"
"391","xanoxt"
"392","dinadiana"
"393","celeste"
"394","alex2016"
"395","oksimets"
"396","ujivago"
"397","sergeybogdanov"
"398","makis84"
"399","atol"
"400","plohayadevochka"
"401","acidyo"
"402","bitshares101"
"403","shafay"
"404","dostoyevsky"
"405","arisi"
"406","prosto-veter"
"407","kriptograf"
"408","suicidegirl"
"409","marinaz"
"410","nowostnyk"
"411","golosmedia"
"412","val"
"413","ovchinnikov"
"414","galina1"
"415","skymart"
"416","ivan212232323"
"417","walter"
"418","katerinafar"
"419","dgarsan"
"420","virtualgrowth"
"421","lotoloto"
"422","sosiski"
"423","tatka"
"424","today"
"425","yobit"
"426","graphene"
"427","tesco"
"428","cryptochan"
"429","krapiva"
"430","moloko"
"431","igoryakovenko"
"432","podarok2"
"433","conjuranamnera"
"434","dollars"
"435","grodno"
"436","sadovodstvo"
"437","bitshares"
"438","hardfork"
"439","erikartmen"
"440","spravka"
"441","waves"
"442","garant"
"443","romanlanskoj"
"444","norge"
"445","podarok"
"446","gucage"
"447","zolder"
"448","ariurne"
"449","orsinewuk"
"450","miedefirote"
"451","woodkid"
"452","annylife"
"453","slon21veka"
"454","lenorlux"
"455","filinpaul"
"456","skife"
"457","capre-diem"
"458","alyonas"
"459","k0shei"
"460","annyshkashalnaya"
"461","guitarcat"
"462","nezaigor"
"463","lyudmila"
"464","milaluda"
"465","julspo"
"466","jang"
"467","vlad23"
"468","enjes"
"469","zkalemiss"
"470","dugibri"
"471","freebornangel"
"472","asia"
"473","yury-vas"
"474","tolanych"
"475","sheriff"
"476","troitsa1"
"477","katrin"
"478","newton"
"479","kssenia"
"480","vasilisapor2"
"481","vv-m"
"482","kyiv"
"483","gal-an"
"484","alex-zi"
"485","dstain"
"486","poly"
"487","greenggc"
"488","fktrc"
"489","mariushka"
"490","finch"
"491","fotoman"
"492","noks"
"493","bm-ekamin"
"494","ludmila777"
"495","shady"
"496","asalic45"
"497","boogerwooger"
"498","dobrobot"
"499","tandemus"
"500","sera27"
"501","openledger-ru"
"502","millofideas"
"503","reskator"
"504","bm-gauchka"
"505","bm-vahal"
"506","dayush"
"507","rosentale"
"508","loto"
"509","kibela"
"510","elephant"
"511","jean-baptiste-gr"
"512","anastasi-os"
"513","luckyvad"
"514","rossomaha.xyz"
"515","aleks"
"516","pfunk"
"517","get"
"518","vovan4"
"519","zivchakh"
"520","qqc"
"521","cheetah"
"522","tosha"
"523","mishich666"
"524","vagsun"
"525","ellmill"
"526","alexeynefedov"
"527","sky"
"528","chefcook81"
"529","alexna"
"530","snakesvs"
"531","neo"
"532","kit"
"533","tronenko.larisa"
"534","googlom"
"535","gogo"
"536","harhor"
"537","ubik"
"538","milaoz"
"539","onetree"
"540","stepanov"
"541","gabarth"
"542","gorbynov"
"543","nanibanani"
"544","dabudi"
"545","stepapanov"
"546","mahamaya"
"547","belvikont"
"548","yourlastwinter"
"549","fiat19"
"550","ammo"
"551","on0tole"
"552","jacobts"
"553","vladimirkakoito"
"554","cleptoman"
"555","nichosee"
"556","glebmorozov"
"557","richman"
"558","jesta"
"559","steemychicken1"
"560","complexring"
"561","b0y2k"
"562","aizensou"
"563","kushed"
"564","uppykirayama"
"565","proektura"
"566","juliyasoya"
"567","elenka"
"568","acidsun"
"569","max-max"
"570","victoria2002"
"571","studentka"
"572","monstro"
"573","cucaracha"
"574","arayampa"
"575","elkirill"
"576","drweb"
"577","lelya"
"578","fetta"
"579","cutnioff"
"580","gsarskyes"
"581","hem"
"582","chetlanin"
"583","alexande"
"584","gvbgruzin"
"585","bytesmite"
"586","jorge"
"587","forever-gala"
"588","youtubeweekly"
"589","xzadolberx"
"590","kubrick"
"591","ungrwli"
"592","dzhumana"
"593","peterz"
"594","dany2323"
"595","k4y0t"
"596","itsynergis"
"597","lada94"
"598","majestik"
"599","eduard"
"600","jes666"
"601","matrixdweller"
"602","trader999"
"603","francesco"
"604","tabuki-vuki"
"605","vvalirov"
"606","ruslan"
"607","sverchkova"
"608","romangr"
"609","lyuda"
"610","chechulin"
"611","vakoorin"
"612","asparian"
"613","andrey.dev"
"614","poesie"
"615","pikto"
"616","radomir"
"617","elurein"
"618","milochka"
"619","dervish"
"620","cofecofe31"
"621","ivek"
"622","dereg"
"623","saira"
"624","bitland09"
"625","sonik"
"626","berperm"
"627","zlata777"
"628","alex1976"
"629","tiaruil"
"630","belana77"
"631","hopper11111"
"632","ladyzarulem"
"633","mira"
"634","evmakhova"
"635","onhoro"
"636","roran"
"637","pcste"
"638","snake911"
"639","zrg"
"640","dikaniovs"
"641","knasikhanov"
"642","mirta"
"643","rugesor"
"644","mir"
"645","igor2017"
"646","solarstadt"
"647","status7"
"648","golosblog"
"649","cebymaster1"
"650","lookastarik"
"651","grigorypavlov"
"652","realfeechka"
"653","fbk"
"654","yurkovskaya"
"655","thebug"
"656","filippov"
"657","faritka"
"658","kolya.kain"
"659","sidra14"
"660","bulkacid"
"661","bantikova"
"662","alserro2"
"663","ezo"
"664","mai1100"
"665","perishabe"
"666","seriy"
"667","bm-vkosobuko"
"668","fair"
"669","tarust777"
"670","vadym1"
"671","mike666"
"672","yarito"
"673","phenom"
"674","bm-yuralaysc"
"675","bm-infoae"
"676","sergen"
"677","roscomnadzor"
"678","bm-smirnovol"
"679","v-erm"
"680","bm-diazprodu"
"681","walhallo"
"682","logic-w"
"683","localut"
"684","ilya"
"685","guromachine"
"686","lenon15"
"687","schnellreich"
"688","stepanoff"
"689","jupiter.zeus"
"690","nadya"
"691","myhouse"
"692","dimitrius"
"693","dainind"
"694","kollekcioner"
"695","slp2509"
"696","francomason"
"697","tjg"
"698","rosinka"
"699","elite"
"700","bithunter"
"701","bm-nbotkin"
"702","epr123"
"703","stanta"
"704","thotamon"
"705","hipster"
"706","cyberfund"
"707","commodore"
"708","iloilo"
"709","anasya"
"710","skutelnik"
"711","tippill"
"712","resultsnic"
"713","bonus1602"
"714","vi1son"
"715","sergeiv"
"716","longusername"
"717","tristamoff"
"718","lexa"
"719","mikser"
"720","nokados"
"721","martka"
"722","larry"
"723","gdi"
"724","mahasta"
"725","rajkumar"
"726","avinash333"
"727","lestring"
"728","paspartu"
"729","cryptomen"
"730","bond"
"731","vitality"
"732","postadm"
"733","mixaaa"
"734","devabrata"
"735","ianboil"
"736","vamosrafa"
"737","gennadygennady"
"738","secundus"
"739","gusaru"
"740","bezllikii"
"741","silviabeneforti"
"742","pickoumoskovic"
"743","smoke"
"744","bm2e3e157fd911"
"745","daosasha"
"746","markvial"
"747","saturndh"
"748","ruslandis"
"749","miroslav"
"750","dark.sun"
"751","valerongrach"
"752","sem3"
"753","poutru"
"754","schurpelo"
"755","b1acksun"
"756","alexandr5"
"757","gomunkul"
"758","annaart"
"759","meesteria"
"760","masyatriksblog"
"761","maxnamillion"
"762","alexada"
"763","arlekenon"
"764","lena535"
"765","bm-karina185"
"766","niolong"
"767","dashkevich"
"768","bm-selbusine"
"769","qagainp"
"770","spqr"
"771","kissmemissme"
"772","alexander77"
"773","rolik"
"774","dolov"
"775","ant"
"776","elenalitvinenko"
"777","ignat"
"778","pasha"
"779","vitaly-lvov"
"780","zaan"
"781","galka"
"782","versenta"
"783","citizen"
"784","btcturbo"
"785","anando"
"786","bm-annachern"
"787","mad-max"
"788","motoro"
"789","cheshire"
"790","bm-accstk116"
"791","koreantrouble"
"792","criptofund"
"793","bm-oksanaluk"
"794","ekaterina4ka1"
"795","elena-singer"
"796","uncleandyv"
"797","bjsmoux"
"798","makgorn"
"799","ausbitbank"
"800","ann"
"801","bm-uvi"
"802","sozkerobert"
"803","wildgeotravels"
"804","amikphoto"
"805","gats"
"806","natasha"
"807","cgame"
"808","kibertronnick"
"809","berniesanders"
"810","elixir-golos"
"811","nextgencrypto"
"812","glasnost"
"813","dmytroscript"
"814","marklouren"
"815","pickoum"
"816","ivan76"
"817","rajskijsad"
"818","guseinov"
"819","speaker"
"820","lyubovbar"
"821","valy"
"822","lesnik"
"823","pingyaru"
"824","zinux"
"825","creativerussia"
"826","ats-david"
"827","bm-kichigina"
"828","avgur"
"829","baptistua"
"830","rossomaha"
"831","maestroali"
"832","tali72"
"833","pio"
"834","sarinder"
"835","maryfromsochi"
"836","amphetamin11"
"837","alexdrem"
"838","sexyboy"
"839","renull"
"840","jazzycrypt"
"841","revolycioner"
"842","levashove"
"843","bm-335755"
"844","d1mqua"
"845","smartguylabcoat"
"846","makspower"
"847","cats"
"848","yrjocat"
"849","bonistik"
"850","svd24"
"851","kenny-crane"
"852","ladomirr"
"853","rukojop"
"854","someguy123"
"855","thedegensloth"
"856","gothy"
"857","sandziro"
"858","uuuhha"
"859","curiosity2"
"860","copoc"
"861","sv777m"
"862","muhazokotuha"
"863","mapala"
"864","miranyce"
"865","nemo1369"
"866","pav"
"867","sompitonov"
"868","ranas"
"869","psychologist"
"870","aleksandro"
"871","pari"
"872","irronyx"
"873","ruta"
"874","thefuzzstone"
"875","leno4ek"
"876","khairan"
"877","bm-bathday"
"878","pepito"
"879","pavelbondplay"
"880","lichnosam"
"881","mroliver"
"882","vitz"
"883","veter"
"884","krestitel"
"885","galinagab"
"886","asseni"
"887","pash7ka"
"888","belkino"
"889","mudro"
"890","delistrat"
"891","ssseu"
"892","yury61"
"893","lannannas"
"894","ksidden"
"895","grkh"
"896","otir"
"897","sonder"
"898","bm-m4xgr"
"899","citizenchicken"
"900","cbtf"
"901","guepetto"
"902","miye"
"903","shaheer001"
"904","seanpiknick"
"905","vivafiesta"
"906","anasta"
"907","tesha2009"
"908","robin"
"909","farilos"
"910","genderswap"
"911","bm-doblestni"
"912","insider"
"913","telegraf"
"914","kirkudu"
"915","crypto.owl"
"916","richardjuckes"
"917","dobychnik"
"918","sema2642"
"919","litvintech"
"920","orezaku"
"921","maximm"
"922","travis"
"923","ivelon"
"924","aliman"
"925","cryptokom"
"926","vitobek"
"927","ilmood"
"928","fanis"
"929","glosarius"
"930","zhzhitel"
"931","kental"
"932","c4denn"
"933","alitis"
"934","kefir331"
"935","kingscrown"
"936","ituber"
"937","igl00"
"938","mr-abramenko"
"939","avlion"
"940","infovore"
"941","sremo"
"942","anastasia-z"
"943","howtogolos"
"944","mmxart"
"945","mmasarnovsky"
"946","gtg"
"947","bator"
"948","greg1"
"949","mamasetta"
"950","cosmopolit"
"951","odessa.xxx"
"952","tallis"
"953","oceanotechnic"
"954","bm-petr"
"955","invictus"
"956","saff"
"957","xdiass"
"958","darnett"
"959","urri"
"960","capitan.akela"
"961","wangul"
"962","gran"
"963","letti"
"964","beanz"
"965","oleguk1"
"966","spaceape"
"967","tati-tvk"
"968","alenak"
"969","sinus55"
"970","mixobzor"
"971","haster100"
"972","denis1996"
"973","pomorovich"
"974","tokhtashalex"
"975","noisy"
"976","sveta"
"977","duxon"
"978","prof1983"
"979","albatros-dv"
"980","bm-alexxekb"
"981","nlmadbear"
"982","oksaxa"
"983","bm-khaliloff"
"984","a-dyx"
"985","eprstdima"
"986","gliten"
"987","bm-sagaldg"
"988","steemswede"
"989","qiwic"
"990","justideas"
"991","ewgeny"
"992","hajevoy60"
"993","evalight"
"994","hannastabilo"
"995","west"
"996","bs278"
"997","bm-superves"
"998","darling"
"999","mrwang"
"1000","olgavdovskikh"
"1001","golovan2"
"1002","marcosorte"
"1003","onecoin"
"1004","rustam"
"1005","prodaction22"
"1006","assassin777"
"1007","zykovogreenhouse"
"1008","maralex"
"1009","drakon221"
"1010","valeriy"
"1011","last"
"1012","marsianin"
"1013","kol0b0k"
"1014","bm-lukasa"
"1015","svinsent"
"1016","igor566"
"1017","n0mail2day"
"1018","basadorovich"
"1019","timon"
"1020","medbedb"
"1021","sozvezdie"
"1022","bm-greysalni"
"1023","zhuvazhuva"
"1024","sergodru"
"1025","smi"
"1026","golos-games"
"1027","romanekras"
"1028","keiry"
"1029","sergeev"
"1030","bm-dots4"
"1031","solverant"
"1032","karisa"
"1033","andreynoch"
"1034","padolski1"
"1035","razumdi"
"1036","doris"
"1037","bm-mortyduck"
"1038","inhuman"
"1039","juanmi"
"1040","edel"
"1041","olegus"
"1042","bm-armpsy"
"1043","webinvest"
"1044","kamil5"
"1045","gr7"
"1046","nattesha"
"1047","zlobabah"
"1048","ekaterinka"
"1049","kon1980odin"
"1050","dyus174"
"1051","salacil"
"1052","alisaroma"
"1053","jaxaaa"
"1054","geobor"
"1055","bender11"
"1056","hitchhiker"
"1057","jnimak"
"1058","serookaja"
"1059","timafirst"
"1060","favorit"
"1061","kpsr"
"1062","ultranihilist"
"1063","bm-staemir"
"1064","istvi1003"
"1065","natka2"
"1066","papira55"
"1067","olesyb"
"1068","bm-wrhhag"
"1069","marusique"
"1070","belka1"
"1071","avtor8904"
"1072","bm-sergeyca"
"1073","ghorka"
"1074","lamansh"
"1075","rindi777"
"1076","georg"
"1077","snaryaga"
"1078","nel"
"1079","viktori"
"1080","synergen"
"1081","elle-tirole"
"1082","dekabr.ism"
"1083","ksana"
"1084","satoshifund"
"1085","taskmanager"
"1086","d3nv3r"
"1087","lilya.belaya"
"1088","habreplicator"
"1089","elene"
"1090","svitsatatyana"
"1091","ksonatos"
"1092","bm-akvatrade"
"1093","dmitriu"
"1094","rusov"
"1095","vanlov"
"1096","asuleymanov"
"1097","anton.karelin"
"1098","razumovskiy"
"1099","mers9"
"1100","bm-landrei88"
"1101","dibroff"
"1102","furtsev"
"1103","oxfff"
"1104","helly"
"1105","an-ka"
"1106","karioka"
"1107","jubi"
"1108","shmados"
"1109","dwerin"
"1110","hibase"
"1111","romanyhnovec"
"1112","bm-bfc"
"1113","bm-ivanchapo"
"1114","learch"
"1115","fclub"
"1116","northsilver"
"1117","travelancer"
"1118","demon"
"1119","seraph"
"1120","timuchin"
"1121","kudryashov"
"1122","ladysin"
"1123","grumlin"
"1124","shikimorimal"
"1125","tvv8"
"1126","merian"
"1127","celebr1ty"
"1128","nektr"
"1129","glashatay"
"1130","leggall"
"1131","pavel.novikov"
"1132","nikus-merloni"
"1133","arhangel"
"1134","zebbra2014"
"1135","robrigo"
"1136","aleke01z"
"1137","ovtretya"
"1138","nekomax"
"1139","setarena"
"1140","ren1233"
"1141","goodjobmaster"
"1142","kukla345"
"1143","yrion"
"1144","bm-irinaoste"
"1145","greek1313"
"1146","blcoop"
"1147","blog-food"
"1148","limansky"
"1149","bm-sn"
"1150","ilyakmet"
"1151","likemik"
"1152","borodach38"
"1153","oksi969"
"1154","bentli67"
"1155","ivan377"
"1156","bm-filip7310"
"1157","vilgun"
"1158","ostap-marsovich"
"1159","bm-oleg11"
"1160","pero"
"1161","kadder"
"1162","quasimax"
"1163","gramgalaction"
"1164","steepshot"
"1165","kot"
"1166","zorgko"
"1167","lumenlight"
"1168","ruslankrylev"
"1169","booldozzzer"
"1170","creepystory"
"1171","talib11"
"1172","anotherjoe"
"1173","degidaniil"
"1174","tropics1"
"1175","geralt"
"1176","bm-kosa4eva"
"1177","oliver"
"1178","vadym.vertsanov"
"1179","finking"
"1180","chelovek-poet"
"1181","artak777gsm"
"1182","php-node-client"
"1183","q2mber"
"1184","knopki"
"1185","nastyura187"
"1186","emlion"
"1187","noganoo"
"1188","zlodimir"
"1189","croaker"
"1190","idutochkin"
"1191","densmirnov"
"1192","ratislav"
"1193","meesterb00m"
"1194","kvaxminsk"
"1195","sahoganin"
"1196","francisgrey"
"1197","oksanasemenova"
"1198","puhlenkoivan"
"1199","coguar"
"1200","asakoora"
"1201","rikimaru"
"1202","paveliyutov"
"1203","lzi0wgii"
"1204","k06a"
"1205","mralya"
"1206","oxisunbeam"
"1207","alextv"
"1208","alers88"
"1209","yuriysid"
"1210","maks-arr"
"1211","oaldamster"
"1212","mrwww"
"1213","rusldv"
"1214","cucoi090"
"1215","applecrisp"
"1216","chika25"
"1217","kralizec"
"1218","xixokz"
"1219","dagmar"
"1220","phoenix-group"
"1221","bm-tikhomiro"
"1222","siayr"
"1223","we4we"
"1224","lizik"
"1225","fotomonstro"
"1226","lora63"
"1227","bm-yakovlevi"
"1228","dinc"
"1229","qwe123"
"1230","spk11"
"1231","bystree"
"1232","mrosenquist"
"1233","maxiandr"
"1234","tatoff"
"1235","akkun"
"1236","darkmessiah"
"1237","khanhquocnguyen"
"1238","satun"
"1239","chorda"
"1240","rodham"
"1241","garikfun"
"1242","a6atyr"
"1243","blackmask"
"1244","february30"
"1245","sveokla"
"1246","kobden"
"1247","bm-kadetilya"
"1248","voronx"
"1249","statestro"
"1250","porphyry"
"1251","pitterpatter"
"1252","bm-singingme"
"1253","olgalevanova"
"1254","volchina"
"1255","oksii"
"1256","nikitaevdokimov1"
"1257","eurix"
"1258","ksena"
"1259","rbi"
"1260","alexhash"
"1261","bm-zlotniksergey"
"1262","akledirs"
"1263","cyberdes"
"1264","alex78"
"1265","sportsmen"
"1266","sharapaeva.vegan"
"1267","yusaymon"
"1268","denbog"
"1269","kononov"
"1270","dragos"
"1271","iulikul"
"1272","golosnamber1"
"1273","sergion"
"1274","nightsingle"
"1275","oldrook"
"1276","zelenyi"
"1277","anastas"
"1278","dinar"
"1279","kalimor"
"1280","bespalow"
"1281","frankie"
"1282","yva"
"1283","criticaldnb"
"1284","rick"
"1285","umon"
"1286","bm-wagennwag"
"1287","amalur"
"1288","yuliyakozyuk"
"1289","andoga"
"1290","akselerator"
"1291","tatyanafil"
"1292","estrela"
"1293","relogin83"
"1294","dirar"
"1295","binecelfi"
"1296","dedpak"
"1297","raing"
"1298","peha84"
"1299","kiradem"
"1300","dmitry.niemann"
"1301","zakliopochka"
"1302","skala"
"1303","tychontychon"
"1304","zorex"
"1305","vadimka"
"1306","natallia17"
"1307","alterak"
"1308","knyazev"
"1309","libriya"
"1310","alvisx"
"1311","oliabogdanova"
"1312","overdrive"
"1313","bm-dorofeeva"
"1314","lidiaromana"
"1315","bm-verigo"
"1316","toplap"
"1317","krasnov"
"1318","sovetika"
"1319","a777"
"1320","iambackend"
"1321","kuklamasha"
"1322","angsteem"
"1323","sawa777"
"1324","paw"
"1325","kaperusov"
"1326","belyaefff"
"1327","egu"
"1328","naupavel"
"1329","rada"
"1330","yarina"
"1331","exan"
"1332","cheredin"
"1333","nikanebudet"
"1334","hat-hat"
"1335","zlody"
"1336","eugeng"
"1337","pterko"
"1338","so13a"
"1339","liliya666"
"1340","danii"
"1341","bm-alexandr83"
"1342","qq24"
"1343","sasha12"
"1344","media"
"1345","a1amat"
"1346","ermak"
"1347","klon"
"1348","an25ny"
"1349","anton2234"
"1350","kaparro"
"1351","haha"
"1352","astronom"
"1353","zelenyikot"
"1354","darkvasyak"
"1355","niknike"
"1356","zodiac"
"1357","zx6150"
"1358","artemy"
"1359","m1k3y"
"1360","vtcgame"
"1361","mahadev"
"1362","k0sh"
"1363","mypuk"
"1364","jillstein2016"
"1365","ubg"
"1366","zhivov"
"1367","dandurov"
"1368","yudina-cat"
"1369","mybzm"
"1370","vladshish"
"1371","mizoresh"
"1372","imoddo"
"1373","medevin"
"1374","korzhimanov"
"1375","emercoin"
"1376","blezir"
"1377","hello133"
"1378","edkeks"
"1379","shippou95"
"1380","qvlad"
"1381","rouselll"
"1382","che.kwan"
"1383","arisa"
"1384","alipard"
"1385","venera"
"1386","plutoya"
"1387","vikakulibaba"
"1388","aleks4104"
"1389","prostomaks235"
"1390","agent17"
"1391","lsoft"
"1392","echo777"
"1393","galisha"
"1394","sergeyphotomak"
"1395","kuznetsovmedia"
"1396","arseev11"
"1397","wampire"
"1398","kovas"
"1399","prianick"
"1400","cebep"
"1401","adrehajiuh"
"1402","overcast"
"1403","arturio777"
"1404","dabro"
"1405","skuridin"
"1406","deimos19"
"1407","endeego"
"1408","rukrasnov"
"1409","housecrouse"
"1410","ukrainochka"
"1411","russkaya"
"1412","ilovegolos"
"1413","djdjoon"
"1414","katarina"
"1415","cryptoscope"
"1416","eyemb"
"1417","semasping"
"1418","radegar"
"1419","balancer"
"1420","suvorov"
"1421","evgeney"
"1422","anna225"
"1423","arsar"
"1424","redman"
"1425","artemvoytuk"
"1426","leman43"
"1427","tobeaj2mer01"
"1428","bm-dia1730"
"1429","sergeylenskiy"
"1430","eclectium"
"1431","sbeglov"
"1432","nadusha18"
"1433","vasyl16"
"1434","onelife"
"1435","lvslvs"
"1436","muxacr"
"1437","darina"
"1438","unicorn"
"1439","steemingnow"
"1440","bm-rvrem"
"1441","quangthai"
"1442","sharli"
"1443","makemoney"
"1444","dobrius"
"1445","katerinalit28"
"1446","tnam0rken"
"1447","voin66"
"1448","sergeewaw"
"1449","hoanhduc"
"1450","docasvad"
"1451","kiemtien01"
"1452","makamai"
"1453","golos"
"1454","pwyllcrusader"
"1455","osincevata"
"1456","stil55"
"1457","holpan99"
"1458","shepelduhin"
"1459","registrr"
"1460","bobman7"
"1461","agentlvm"
"1462","noxon"
"1463","artem10"
"1464","polinavakhitova"
"1465","jkkamcaxdxs"
"1466","denis76lv"
"1467","kitikaka"
"1468","hasek81"
"1469","victortverdovsky"
"1470","rous"
"1471","kaakakaaka"
"1472","kkamaxx"
"1473","kiemaaaxk"
"1474","benjiro"
"1475","gordeeve"
"1476","dionis"
"1477","paramedic"
"1478","nikitz"
"1479","wogus984"
"1480","alexbezimeni"
"1481","kulik77"
"1482","sdflash2"
"1483","juli"
"1484","suharev"
"1485","quantummen"
"1486","crombrugger"
"1487","androw-business"
"1488","korzunav"
"1489","gefa"
"1490","oappleo"
"1491","ryfyskrag2"
"1492","karasan"
"1493","konygin10"
"1494","slaventyi"
"1495","vlad777"
"1496","midnight"
"1497","nikola0303"
"1498","astrochannel"
"1499","artembb"
"1500","lostardos"
"1501","adrenolitik"
"1502","docendo"
"1503","katarinna"
"1504","papa-pepper"
"1505","juras54"
"1506","c00lerman"
"1507","bm-diveddy"
"1508","bitaps.com"
"1509","vscherny"
"1510","rudexbot"
"1511","gentloom"
"1512","ningyo"
"1513","cript-2413"
"1514","sanyyy44"
"1515","pencil"
"1516","zudarf"
"1517","swetlana"
"1518","bm-alibaba80"
"1519","andrysmi"
"1520","nimburkx"
"1521","dyrk"
"1522","krisp"
"1523","vova1981"
"1524","tsarru"
"1525","letc"
"1526","goathorns"
"1527","nyah"
"1528","ajvest"
"1529","fenidon"
"1530","seraya981"
"1531","ekolganov"
"1532","spinbunny"
"1533","littlecutefox"
"1534","halo"
"1535","leokaza96"
"1536","vladnor"
"1537","katiushalifint"
"1538","buka"
"1539","voltash"
"1540","elvira.kill"
"1541","alenevaa"
"1542","mil"
"1543","cielodeinvierno"
"1544","elizaveta"
"1545","serzh77"
"1546","thientran"
"1547","tee-em"
"1548","mohitsharma"
"1549","vadkir"
"1550","karim"
"1551","mnsx"
"1552","mactx3b"
"1553","olgakologriv"
"1554","adbb"
"1555","freeride"
"1556","thomas"
"1557","gulnaz"
"1558","gryph0n"
"1559","rpcmp"
"1560","heroinounce"
"1561","captain"
"1562","btcethmaker"
"1563","golos-bet"
"1564","dm1"
"1565","alenushek"
"1566","vtcgame1"
"1567","the1arty"
"1568","persik"
"1569","nektar-45"
"1570","pavel.didkovsky"
"1571","elderlyperets"
"1572","stranniksenya"
"1573","bruceyellow"
"1574","sapiens4media"
"1575","sircat"
"1576","gennadiy"
"1577","acidpicturesji"
"1578","pylaev"
"1579","rasim-ws"
"1580","pinkzebra"
"1581","webmillioner"
"1582","cherurg"
"1583","dhenz"
"1584","panther"
"1585","anatoliy-2017"
"1586","dragons"
"1587","maximus"
"1588","dennygalindo"
"1589","neonartist"
"1590","shyletcs"
"1591","bit8k"
"1592","phoenix-gruppe"
"1593","igor-golos"
"1594","medik72"
"1595","stepmike"
"1596","fotograf"
"1597","linaorlova"
"1598","yuriks2000"
"1599","a-life"
"1600","rikarti"
"1601","mgolums"
"1602","viromiro"
"1603","svetitskiy"
"1604","maxel1974"
"1605","kitti-rin"
"1606","tinata"
"1607","elena2017"
"1608","nourperl"
"1609","vladimir900"
"1610","gmaster"
"1611","bvt"
"1612","cptn-solo"
"1613","tsyhan"
"1614","alikssandra"
"1615","marlen"
"1616","exelente"
"1617","sonjka-meduza"
"1618","adriansky"
"1619","bulket"
"1620","pavelmenme"
"1621","iromanos"
"1622","jacob"
"1623","ratidor"
"1624","diabloman"
"1625","pantelandr"
"1626","retoldname"
"1627","ba1amut"
"1628","netcitizen"
"1629","chusovitin"
"1630","krancheg"
"1631","honeythief"
"1632","kunaio"
"1633","tomas"
"1634","cehik"
"1635","peerity-io"
"1636","tuanwoo1998"
"1637","pop4tune"
"1638","kuna"
"1639","vadimsk"
"1640","barma"
"1641","bizon"
"1642","dmitry"
"1643","garikgor"
"1644","abashkiad"
"1645","boltyn"
"1646","nastialarkina"
"1647","golubika"
"1648","labintatlo"
"1649","nexus1"
"1650","notibuyer"
"1651","vodopad"
"1652","citotworld"
"1653","karusel1"
"1654","kcn"
"1655","lesya"
"1656","hiedymin"
"1657","andyoss"
"1658","tima0"
"1659","kailas"
"1660","akolonin"
"1661","graff"
"1662","aliko0780"
"1663","demmius314"
"1664","forrestwillie"
"1665","seolzab"
"1666","infinity"
"1667","puaritanec"
"1668","chris.lukash"
"1669","klint"
"1670","dmitrijki"
"1671","artemsvetlichy"
"1672","rewsd"
"1673","shmitry"
"1674","voron806"
"1675","bortrom"
"1676","spawn058"
"1677","rrbro"
"1678","max084"
"1679","ge10"
"1680","akveresov"
"1681","mutant9"
"1682","fuck01"
"1683","cryptoearner"
"1684","littleboo"
"1685","astra"
"1686","gapel"
"1687","dyadyayasha"
"1688","leon-dreamiour"
"1689","quotesms"
"1690","darkerdim"
"1691","nelly23"
"1692","jafar"
"1693","olegsensov"
"1694","helloworld"
"1695","freeman39"
"1696","finnberry"
"1697","homoerectus"
"1698","lobsterrobert"
"1699","gupanik"
"1700","vitalii"
"1701","phcx"
"1702","chesheera"
"1703","siarheisadau"
"1704","stolib"
"1705","johnnydark696"
"1706","ponec"
"1707","diomas"
"1708","alart17"
"1709","seonik"
"1710","swetman"
"1711","aroma"
"1712","brainburns-dev"
"1713","bitclabnetwork"
"1714","vvital"
"1715","nastrom"
"1716","iuliatsurkan"
"1717","hawks"
"1718","kovatelj"
"1719","reaktiv"
"1720","fargo123"
"1721","vasek"
"1722","seneka"
"1723","komosa"
"1724","maxvurd"
"1725","ogurecmozga"
"1726","viktorbunaev"
"1727","bmregistrar"
"1728","danielkt"
"1729","tom-ray"
"1730","jaredcwillis"
"1731","andreyznet"
"1732","kristina"
"1733","playforfun"
"1734","sm77"
"1735","brahman"
"1736","gulman"
"1737","tuner"
"1738","fret"
"1739","pipetoz"
"1740","wolf3984"
"1741","ricks"
"1742","contract"
"1743","tatyanafl"
"1744","mamontsevds"
"1745","problockchain"
"1746","chiefpilot"
"1747","marijka"
"1748","natalia"
"1749","obhodchik"
"1750","entertament"
"1751","olkas"
"1752","pate"
"1753","polyakov"
"1754","golos-client-rs"
"1755","tycik"
"1756","cryptokurs"
"1757","lighthacker"
"1758","krystall"
"1759","galerina"
"1760","bitt333"
"1761","cos"
"1762","roman.bendasov"
"1763","vrv"
"1764","jamay"
"1765","ik8"
"1766","mariravel"
"1767","nosecrets"
"1768","iznanka"
"1769","totalcoin"
"1770","cardinalko"
"1771","orego"
"1772","long123456m"
"1773","ladykosha"
"1774","swrg"
"1775","szhimko"
"1776","hand-madekrug"
"1777","spirittricky"
"1778","gen-shtab"
"1779","frost"
"1780","ivantutynin"
"1781","xanrias"
"1782","svetosam"
"1783","andrb"
"1784","links"
"1785","anstak"
"1786","valeriush"
"1787","ermokhin"
"1788","iskull"
"1789","bobrik"
"1790","georgy"
"1791","klimoff"
"1792","gennadij"
"1793","kilogramm82"
"1794","jugo"
"1795","alexandr"
"1796","vitosss"
"1797","yushkov"
"1798","kotik"
"1799","kapustin"
"1800","neyro"
"1801","rike-voltz"
"1802","mazalov.maksim"
"1803","jurialhaz"
"1804","storm-sli"
"1805","hunternnm"
"1806","vikatodorova"
"1807","barsik"
"1808","funnyhead"
"1809","lega-152-karpyn"
"1810","alexkertis"
"1811","belka28"
"1812","georgeouz"
"1813","yetanother"
"1814","russell-kvashnin"
"1815","remdev"
"1816","nik69"
"1817","aleksraiden"
"1818","benjamin"
"1819","kanon"
"1820","lnsmn"
"1821","oduvanchikov"
"1822","gernet"
"1823","olgabobkovafoto"
"1824","vasus"
"1825","witcherab"
"1826","piser"
"1827","alexeypetrov"
"1828","humenqwertu"
"1829","manikiwen"
"1830","andreysobol"
"1831","toddemaher1"
"1832","banderos109"
"1833","olya.vakuolya"
"1834","victoriart"
"1835","kvg"
"1836","on1x"
"1837","snowman"
"1838","andrey73"
"1839","kindevil"
"1840","newodin"
"1841","malyshkina"
"1842","macflay"
"1843","mister"
"1844","eyeless"
"1845","alexp"
"1846","edemskij"
"1847","kukusru"
"1848","didisvy"
"1849","salines"
"1850","tisha"
"1851","violes"
"1852","alladin90"
"1853","fafnur"
"1854","iomus"
"1855","alfagravity"
"1856","leritosha"
"1857","zimnuk"
"1858","anna1985"
"1859","lovelessofia"
"1860","drs"
"1861","evgenyi"
"1862","darvare2"
"1863","mini89"
"1864","kapellan"
"1865","fiord18"
"1866","nira"
"1867","master-set"
"1868","oksana0407"
"1869","daredevil"
"1870","wowvavan"
"1871","kurtbeil"
"1872","leon"
"1873","alexwhite"
"1874","kurtbeilg"
"1875","mommo"
"1876","postelgin"
"1877","freud"
"1878","darkneofit"
"1879","gunniball"
"1880","lxfrmn"
"1881","masterokst"
"1882","ivan888"
"1883","kompus"
"1884","dovjenkos"
"1885","allega44"
"1886","volgodonsk"
"1887","vishenka"
"1888","ivan-8d"
"1889","konnov"
"1890","svetula"
"1891","mega6obep"
"1892","bacecek"
"1893","tunguska"
"1894","zaratustra11"
"1895","malinok"
"1896","photowebgear"
"1897","knecht"
"1898","oleg1301"
"1899","aleksanniminn"
"1900","porsche"
"1901","allrusnews"
"1902","lol"
"1903","alexstep"
"1904","marentilo"
"1905","amiroleka"
"1906","stasy"
"1907","tolstoy"
"1908","promobot"
"1909","restonov"
"1910","golosint"
"1911","proglobyte"
"1912","zentat"
"1913","tingaling"
"1914","web50"
"1915","fiourdol"
"1916","kira"
"1917","rhead"
"1918","kwaskoff"
"1919","headde"
"1920","roman-nikitin"
"1921","reiday"
"1922","magrono"
"1923","sunworld"
"1924","gost.ann"
"1925","rblogger"
"1926","drozdoff"
"1927","valodya"
"1928","bankomat"
"1929","damenceva"
"1930","polina-psyche"
"1931","vitalicus"
"1932","nutcracker"
"1933","roulette"
"1934","mafia"
"1935","anton666"
"1936","shultais"
"1937","paramoshka"
"1938","madgrizly"
"1939","yul.golem"
"1940","otashon"
"1941","vtcgame2"
"1942","natulya"
"1943","slawa19"
"1944","andrex"
"1945","amigrant"
"1946","panason1c"
"1947","satalex"
"1948","honey"
"1949","seth-krings"
"1950","gardening"
"1951","kavgrig"
"1952","kenjiby"
"1953","spotlessmind"
"1954","donlordhan"
"1955","mrtardis"
"1956","electrostep"
"1957","frkseniya"
"1958","qwatra"
"1959","olyaolya16"
"1960","fellhead"
"1961","matt-a"
"1962","aigents"
"1963","centridea"
"1964","vako"
"1965","larissa"
"1966","aleks70"
"1967","thelotusflower"
"1968","konygin"
"1969","vnukkarpov"
"1970","kekych"
"1971","ice20145"
"1972","cactusfractal"
"1973","erop"
"1974","xtar"
"1975","vika-teplo"
"1976","fyyf"
"1977","edelweiss"
"1978","borishaifa2"
"1979","rassen"
"1980","evertine"
"1981","stereomonov"
"1982","aleksite"
"1983","alexi1031"
"1984","okstar"
"1985","alesik"
"1986","flacoin"
"1987","kosmos"
"1988","lisazarova"
"1989","cryptojournal"
"1990","justic"
"1991","erema72"
"1992","tremor"
"1993","art16ws"
"1994","lonli-lokli"
"1995","dmitry-ya"
"1996","arystarch"
"1997","bittwiggy"
"1998","elena-cantabile"
"1999","matue"
"2000","vredaktor"
"2001","hrabovsky"
"2002","daria138"
"2003","mihadov"
"2004","mariska"
"2005","nikola"
"2006","tridf-voice"
"2007","san40"
"2008","mironovbs"
"2009","igor66"
"2010","kvano"
"2011","sdk55"
"2012","iiiliza"
"2013","dasfarm"
"2014","ami"
"2015","inwoxer"
"2016","makr0n"
"2017","libertine"
"2018","vengenful"
"2019","bird"
"2020","outsider"
"2021","besser"
"2022","olofsson"
"2023","aleks6252"
"2024","airbrush"
"2025","alexsashka"
"2026","glebklinov"
"2027","oneoldguy"
"2028","sva-lana"
"2029","r3l0a9"
"2030","charline"
"2031","capitanw"
"2032","konstantinus"
"2033","malay11"
"2034","pepita"
"2035","evgeniyevsigneev"
"2036","neznayka"
"2037","damngudmilkshake"
"2038","stanislav-gudron"
"2039","ninjas"
"2040","zazazum"
"2041","koroed"
"2042","tanusha1173"
"2043","aravna"
"2044","ekb"
"2045","antonmz"
"2046","alex-skull"
"2047","oagalakova"
"2048","len-a-r"
"2049","i-findirector"
"2050","lazy-electron"
"2051","vadimson"
"2052","wewillevil"
"2053","vladimir-nklv"
"2054","imkate"
"2055","gekisaidaichi"
"2056","alexandrtsarev"
"2057","tillfriday"
"2058","marielis"
"2059","kungurtsev"
"2060","ilya.zaharov"
"2061","x33x"
"2062","rany"
"2063","wasbeen"
"2064","world-news"
"2065","chingisxan89"
"2066","jayrobertson"
"2067","borisss"
"2068","juicyjulia"
"2069","vunks"
"2070","romancient"
"2071","liligrylili"
"2072","yavasnenavizhy"
"2073","dara"
"2074","volanter"
"2075","diamond-888"
"2076","mycryptoinvest"
"2077","sania1984"
"2078","papaznaet"
"2079","is-pain"
"2080","oneginka"
"2081","xsanseich"
"2082","ivors"
"2083","bereginja"
"2084","john-smith"
"2085","kory"
"2086","beidj"
"2087","antizvuk"
"2088","luxxxmen"
"2089","aleksa"
"2090","lenutsa"
"2091","yuke55"
"2092","igra"
"2093","aleksandra"
"2094","whitemike313"
"2095","serpenteve"
"2096","invar"
"2097","emelion"
"2098","olegborovik"
"2099","l11111"
"2100","doktorbel78"
"2101","maks"
"2102","omaraha"
"2103","wizard72"
"2104","madrid"
"2105","ap6y3uk"
"2106","nastyona"
"2107","api-boliviano"
"2108","valet"
"2109","fastlite"
"2110","dshcheglov"
"2111","ense"
"2112","theoneandonlyyy"
"2113","mamonth"
"2114","zombie"
"2115","omikron"
"2116","pronya"
"2117","oleholya"
"2118","dcat"
"2119","godnota"
"2120","ngadag"
"2121","aivanouski"
"2122","hank.rearden"
"2123","bitcoinking"
"2124","diamon"
"2125","paintertomsk"
"2126","mo3golom"
"2127","irensche"
"2128","candy777"
"2129","gregory60"
"2130","vtcgame18"
"2131","vtcgame19"
"2132","vtcgame17"
"2133","radagast"
"2134","juralhazz"
"2135","brus"
"2136","cysik1946"
"2137","maidu"
"2138","libertarianec"
"2139","borav"
"2140","chech173"
"2141","nikitamashkin"
"2142","indeejoy"
"2143","orator"
"2144","anastadiamond"
"2145","shidare"
"2146","tushinetc"
"2147","bob860"
"2148","lookdreamka"
"2149","podmoskva"
"2150","princelvov"
"2151","olga-fink"
"2152","emin197"
"2153","amironov"
"2154","igrylka-borz"
"2155","lelavadee"
"2156","eleni"
"2157","trsq"
"2158","dervishv"
"2159","thieslarte"
"2160","premogati"
"2161","jennamarbles"
"2162","ildarik83"
"2163","pro.bitcoin"
"2164","krbloger"
"2165","boar-y"
"2166","cryptooptimist"
"2167","ispanskaya"
"2168","elvira"
"2169","ekaterinazh"
"2170","bm-dacomdark"
"2171","cvetok"
"2172","bm-3100308"
"2173","bm-runetpro"
"2174","dmitry25"
"2175","grildrig"
"2176","olyanyam"
"2177","timohius"
"2178","zuruss"
"2179","gurman"
"2180","bm-kraskir"
"2181","mackdee"
"2182","bm-jaraman"
"2183","rabitz"
"2184","siski"
"2185","thecountess"
"2186","svetlanaart"
"2187","minimasha"
"2188","linka-kalinka"
"2189","bm-evented"
"2190","bm-lexmax20e8"
"2191","romel-n"
"2192","igor.artyuhov"
"2193","bm-vladlukiy"
"2194","bm-avia81"
"2195","bm-infoba"
"2196","bm-slaytaran"
"2197","bm-rhitrov"
"2198","bm-thewebkm"
"2199","chuck"
"2200","bm-asu6000"
"2201","investor"
"2202","parahodikvmore"
"2203","bm-opasmile"
"2204","bm-medicmira"
"2205","bm-fomin95"
"2206","bm-evgenyali"
"2207","bm-bmtasks"
"2208","xxxxpro"
"2209","bm-sachenkoa"
"2210","mention.bot"
"2211","yaski"
"2212","lovalova"
"2213","bm-bogdan240"
"2214","bm-budinas"
"2215","jack"
"2216","bm-notariatm"
"2217","pollina"
"2218","bm-zheltovbz"
"2219","dreamhunter"
"2220","fromtheheart"
"2221","coinreform"
"2222","bm-ariusbiz"
"2223","bm-ikumaximu"
"2224","bm-sergeyt74"
"2225","bm-ekoroleva"
"2226","bm-alekseyuc"
"2227","bm-910488669"
"2228","brelov"
"2229","turbopacan"
"2230","demon304dima"
"2231","kcalmar"
"2232","stanovleniye"
"2233","bm-791835576"
"2234","alexnazimov"
"2235","dstrct"
"2236","starmoon"
"2237","bm-garantvip"
"2238","ellenn"
"2239","acidica"
"2240","two.ravens"
"2241","den7277"
"2242","noonaut"
"2243","x-t1"
"2244","starik69"
"2245","artemm"
"2246","daxi"
"2247","romsterdam"
"2248","slidenergy"
"2249","udav"
"2250","visitor"
"2251","algen"
"2252","bm-yrec200"
"2253","bm-eugenyrib"
"2254","margaritabelova"
"2255","german.kanabeev"
"2256","vip503060"
"2257","fork2work"
"2258","osipov.petr"
"2259","bm-eduardtun"
"2260","bm-zagrebnev"
"2261","yanvar"
"2262","bm-titoil"
"2263","alexeyosokin"
"2264","vlas"
"2265","runeuro"
"2266","optimusras"
"2267","estilibera"
"2268","bm-bruart"
"2269","coininvestor"
"2270","smart1"
"2271","grumlenko"
"2272","b1gben"
"2273","misha"
"2274","anikanaum"
"2275","silence"
"2276","aleksandr1"
"2277","dimitryw"
"2278","kukmor1"
"2279","shchukinvlad"
"2280","tettie"
"2281","pytrkifa"
"2282","sierra"
"2283","yiyinwest"
"2284","hospitalier"
"2285","oleksiydyachenko"
"2286","parasolly"
"2287","aidar888"
"2288","chechen"
"2289","martin"
"2290","ksuxin789"
"2291","alexandre"
"2292","tonik"
"2293","twins03"
"2294","miner"
"2295","timreznich"
"2296","sasha31"
"2297","renu"
"2298","belovit"
"2299","hyiplife"
"2300","galager"
"2301","onuchinx"
"2302","hyiparena"
"2303","vyacheslav-585"
"2304","luardi"
"2305","jimgr"
"2306","wanker"
"2307","vipbaron"
"2308","tony812"
"2309","makedonsk"
"2310","riskdebonair"
"2311","sergseryi"
"2312","maxkoud"
"2313","nika"
"2314","krotov"
"2315","sandrin"
"2316","poloz1843"
"2317","advertist"
